{
  "Person 1": {
    "form1_info": {
      "установа": "ХНУ",
      "особа_що_затверджує": {
        "посада": "зав. каф",
        "ПІБ": "Віталій ТКАЧУК",
        "дата_затвердження": "2023-09-08"
      },
      "особа_що_перевіряє": {
        "ПІБ": "Володимир МИЛЬКО",
        "дата_затвердження": "2023-09-17"
      },
      "розробник": {
        "посада": "студент гр ПМТ-20",
        "ПІБ": "Михайло Мельник",
        "дата_розробки": "2023-09-10"
      },
      "нормоконтроль": {
        "ПІБ": "Сергій Бись",
        "дата": "2023-10-01"
      }
    },
    "form2_detail": {
      "Назва деталі": "Вал",
      "Матеріал": "Сталь 20Г",
      "Маса деталі, кг": "1,3",
      "Тип заготівки": "Прокат круглий",
      "Маса заготівки": "2,1",
      "Розмір заготівки B, мм": "65",
      "Розмір заготівки H, мм": "70",
      "Кількість": "1000"
    },
    "form3_operations": {
      "Операція 1": {
        "номер операції": "50",
        "назва операції": "Токарна",
        "верстат": "JET GHB-1330A DRO",
        "МОР": "МОР напівсинтетична, концентрат, емульсія GT CUT PS 20  GT OIL 4607071023769",
        "Пристрої": [
          "Трьохкулачковий патрон"
        ],
        "Цех": "",
        "Дільниця": "",
        "Робоче місце": "",
        "Штучний час": "",
        "Підготовчо-заключний час": "",
        "Допоміжний час": "",
        "Основний час": "",
        "Переходи": {}
      }
    }
  },
  "Person 2": {
    "form1_info": {
      "установа": "Хмельницький національний університет",
      "особа_що_затверджує": {
        "посада": "Зав. кафедри",
        "ПІБ": "Віталій ТКАЧУК",
        "дата_затвердження": "2023-12-10"
      },
      "особа_що_перевіряє": {
        "ПІБ": "Володимир МИЛЬКО",
        "дата_затвердження": "2023-12-08"
      },
      "розробник": {
        "посада": "студент",
        "ПІБ": "Петренко Петро",
        "дата_розробки": "2023-12-06"
      },
      "нормоконтроль": {
        "ПІБ": "Сергій Бись",
        "дата": "2023-12-09"
      }
    },
    "form2_detail": {
      "Назва деталі": "Корпус",
      "Матеріал": "сірий чавун СЧ-20",
      "Маса деталі, кг": "150",
      "Тип заготівки": "Виливка",
      "Маса заготівки": "220",
      "Розмір заготівки B, мм": "1050",
      "Розмір заготівки H, мм": "750",
      "Кількість": "2"
    },
    "form3_operations": {
      "Операція 1": {
        "номер операції": "5",
        "назва операції": "Токарна з ЧПК",
        "верстат": "Токарно-гвинторізний 1А616 (D360× L710)",
        "МОР": "МОР напівсинтетична, концентрат, емульсія GT CUT PS 20  GT OIL 4607071023769",
        "Пристрої": [],
        "Цех": "ХНУ",
        "Дільниця": "кафедра ТМ",
        "Робоче місце": "4-105",
        "Штучний час": "20",
        "Підготовчо-заключний час": "10",
        "Допоміжний час": "5",
        "Основний час": "10",
        "Переходи": {}
      }
    }
  }
}