{
  "Person 1": {
    "form1_info": {
      "установа": "8",
      "особа_що_затверджує": {
        "посада": "8",
        "ПІБ": "8",
        "дата_затвердження": "2023-07-04"
      },
      "особа_що_перевіряє": {
        "ПІБ": "8",
        "дата_затвердження": "2023-07-04"
      },
      "розробник": {
        "посада": "8",
        "ПІБ": "8",
        "дата_розробки": "2023-06-29"
      },
      "нормоконтроль": {
        "ПІБ": "8",
        "дата": "2023-07-06"
      }
    },
    "form2_detail": [
      {
        "Назва деталі": "деталь 1",
        "Матеріал": "Сталь35",
        "Маса деталі, кг": "12кг",
        "Тип заготівки": "Прокат листовий",
        "Маса заготівки": "126",
        "Розмір заготівки": "23",
        "Кількість": "6666"
      }
    ],
    "form3_operations": {
      "Операція 3": {
        "номер операції": "15",
        "назва операції": "Допоміжна",
        "верстат": "",
        "МОР": "",
        "Пристрої": [],
        "Цех": "",
        "Дільниця": "",
        "Робоче місце": "",
        "Штучний час": "8",
        "Підготовчо-заключний час": "777",
        "Допоміжний час": "",
        "Основний час": "",
        "Переходи": {
          "": {
            "Інструмент": "",
            "Вимірювальний інструмент": "",
            "data": {
              "ПІ": "",
              "D або B": "",
              "L": "",
              "t": "",
              "i": "",
              "S": "",
              "n": "",
              "V": "",
              "H": "",
              "Y": "",
              "X": "",
              "E": "",
              "F": "",
              "h": "",
              "R": "",
              "d": "",
              "Z": ""
            }
          }
        }
      },
      "Операція 1": {
        "номер операції": "5",
        "назва операції": "Допоміжна",
        "верстат": "",
        "МОР": "h1",
        "Пристрої": [
          "device 1",
          "device 2"
        ],
        "Цех": "",
        "Дільниця": "",
        "Робоче місце": "",
        "Штучний час": "2588",
        "Підготовчо-заключний час": "1",
        "Допоміжний час": "24",
        "Основний час": "236",
        "Переходи": {
          "iii": {
            "Інструмент": "",
            "Вимірювальний інструмент": "",
            "data": {
              "ПІ": "",
              "D або B": "",
              "L": "",
              "t": "",
              "i": "",
              "S": "",
              "n": "",
              "V": "",
              "H": "",
              "Y": "",
              "X": "",
              "E": "",
              "F": "",
              "h": "",
              "R": "",
              "d": "",
              "Z": ""
            }
          }
        }
      },
      "Операція 6": {
        "номер операції": "30",
        "назва операції": "",
        "верстат": "",
        "МОР": "",
        "Пристрої": [],
        "Цех": "",
        "Дільниця": "",
        "Робоче місце": "",
        "Штучний час": "",
        "Підготовчо-заключний час": "78",
        "Допоміжний час": "",
        "Основний час": "",
        "Переходи": {
          "": {
            "Інструмент": "",
            "Вимірювальний інструмент": "",
            "data": {
              "ПІ": "",
              "D або B": "",
              "L": "",
              "t": "",
              "i": "",
              "S": "",
              "n": "",
              "V": "",
              "H": "",
              "Y": "",
              "X": "",
              "E": "",
              "F": "",
              "h": "",
              "R": "",
              "d": "",
              "Z": ""
            }
          }
        }
      },
      "Операція 4": {
        "номер операції": "20",
        "назва операції": "",
        "верстат": "",
        "МОР": "",
        "Пристрої": [],
        "Цех": "",
        "Дільниця": "",
        "Робоче місце": "",
        "Штучний час": "",
        "Підготовчо-заключний час": "66",
        "Допоміжний час": "",
        "Основний час": "",
        "Переходи": {
          "": {
            "Інструмент": "",
            "Вимірювальний інструмент": "",
            "data": {
              "ПІ": "",
              "D або B": "",
              "L": "",
              "t": "",
              "i": "",
              "S": "",
              "n": "",
              "V": "",
              "H": "",
              "Y": "",
              "X": "",
              "E": "",
              "F": "",
              "h": "",
              "R": "",
              "d": "",
              "Z": ""
            }
          }
        }
      },
      "Операція 2": {
        "номер операції": "10",
        "назва операції": "Допоміжна",
        "верстат": "",
        "МОР": "",
        "Пристрої": [],
        "Цех": "",
        "Дільниця": "",
        "Робоче місце": "",
        "Штучний час": "2588",
        "Підготовчо-заключний час": "1",
        "Допоміжний час": "24",
        "Основний час": "236",
        "Переходи": {
          "y": {
            "Інструмент": "",
            "Вимірювальний інструмент": "інстр 1",
            "data": {
              "ПІ": "",
              "D або B": "777",
              "L": "",
              "t": "",
              "i": "",
              "S": "",
              "n": "",
              "V": "",
              "H": "",
              "Y": "",
              "X": "",
              "E": "",
              "F": "",
              "h": "",
              "R": "",
              "d": "",
              "Z": ""
            }
          },
          "iii": {
            "Інструмент": "",
            "Вимірювальний інструмент": "",
            "data": {
              "ПІ": "",
              "D або B": "",
              "L": "",
              "t": "",
              "i": "",
              "S": "",
              "n": "",
              "V": "",
              "H": "",
              "Y": "",
              "X": "",
              "E": "",
              "F": "",
              "h": "",
              "R": "",
              "d": "",
              "Z": ""
            }
          }
        }
      },
      "Операція 5": {
        "номер операції": "25",
        "назва операції": "",
        "верстат": "",
        "МОР": "",
        "Пристрої": [],
        "Цех": "",
        "Дільниця": "",
        "Робоче місце": "",
        "Штучний час": "9",
        "Підготовчо-заключний час": "7",
        "Допоміжний час": "",
        "Основний час": "",
        "Переходи": {
          "": {
            "Інструмент": "",
            "Вимірювальний інструмент": "",
            "data": {
              "ПІ": "",
              "D або B": "",
              "L": "",
              "t": "",
              "i": "",
              "S": "",
              "n": "",
              "V": "",
              "H": "",
              "Y": "",
              "X": "",
              "E": "",
              "F": "",
              "h": "",
              "R": "",
              "d": "",
              "Z": ""
            }
          }
        }
      },
      "Операція 7": {
        "номер операції": "35",
        "назва операції": "",
        "верстат": "",
        "МОР": "",
        "Пристрої": [],
        "Цех": "",
        "Дільниця": "",
        "Робоче місце": "",
        "Штучний час": "",
        "Підготовчо-заключний час": "7",
        "Допоміжний час": "",
        "Основний час": "",
        "Переходи": {
          "": {
            "Інструмент": "",
            "Вимірювальний інструмент": "",
            "data": {
              "ПІ": "",
              "D або B": "",
              "L": "",
              "t": "",
              "i": "",
              "S": "",
              "n": "",
              "V": "",
              "H": "",
              "Y": "",
              "X": "",
              "E": "",
              "F": "",
              "h": "",
              "R": "",
              "d": "",
              "Z": ""
            }
          }
        }
      }
    }
  },
  "Person 2": {
    "form1_info": {
      "установа": "dfh",
      "особа_що_затверджує": {
        "посада": "fj",
        "ПІБ": "ghk",
        "дата_затвердження": "2023-06-30"
      },
      "особа_що_перевіряє": {
        "ПІБ": "hjk",
        "дата_затвердження": "2023-06-30"
      },
      "розробник": {
        "посада": "hjkl",
        "ПІБ": "kl",
        "дата_розробки": "2023-07-14"
      },
      "нормоконтроль": {
        "ПІБ": "kjk;",
        "дата": "2023-07-29"
      }
    },
    "form2_detail": [
      {
        "Назва деталі": "dfh",
        "Матеріал": "Сталь35",
        "Маса деталі, кг": "68",
        "Тип заготівки": "7",
        "Маса заготівки": "79",
        "Розмір заготівки": "7979",
        "Кількість": "768"
      }
    ],
    "form3_operations": {
      "Операція 1": {
        "номер операції": "5",
        "назва операції": "Допоміжна",
        "верстат": "",
        "МОР": "h1",
        "Пристрої": [],
        "Цех": "",
        "Дільниця": "",
        "Робоче місце": "",
        "Штучний час": "",
        "Підготовчо-заключний час": "",
        "Допоміжний час": "",
        "Основний час": "",
        "Переходи": {}
      }
    }
  }
}