{
  "Верстати": {
    "columns": [
      "Модель верстату",
      "Шифр верстату",
      "Ім'я верстату",
      "Код операції"
    ],
    "values": [
      {
        "Модель верстату": "model1",
        "Шифр верстату": "232135",
        "Ім'я верстату": "name1",
        "Код операції": "12"
      },
      {
        "Модель верстату": "model2",
        "Шифр верстату": "12",
        "Ім'я верстату": "name2",
        "Код операції": "12"
      },
      {
        "Модель верстату": "model3",
        "Шифр верстату": "123",
        "Ім'я верстату": "name3",
        "Код операції": "13"
      },
      {
        "Модель верстату": "model4",
        "Шифр верстату": "1234",
        "Ім'я верстату": "name4",
        "Код операції": "13"
      },
      {
        "Модель верстату": "model5",
        "Шифр верстату": "1235",
        "Ім'я верстату": "name5",
        "Код операції": "13"
      }
    ],
    "keyword": {
      "table": "Операції",
      "primary_key": "Назва операції",
      "target_column": "Код операції"
    }
  }
}