{
  "Верстати": {
    "columns": [
      "Модель верстату",
      "Шифр верстату",
      "Ім'я верстату",
      "Код операції"
    ],
    "values": [
      {
        "Модель верстату": "Стрічкова пила КМА BS 712 SW Cormak",
        "Шифр верстату": "041720\n",
        "Ім'я верстату": "КМА BS 712 SW Cormak",
        "Код операції": "4280"
      },
      {
        "Модель верстату": "Стрічкова пила Optimum OPTIsaw S 275N",
        "Шифр верстату": "041720",
        "Ім'я верстату": "Optimum OPTIsaw S 275N",
        "Код операції": "4280"
      },
      {
        "Модель верстату": "Стрічкова пилка по металу JET HBS-1321VS 414471T",
        "Шифр верстату": "041720",
        "Ім'я верстату": "JET HBS-1321VS 414471T",
        "Код операції": "4280"
      },
      {
        "Модель верстату": "Токарно-гвинторізний 1А616",
        "Шифр верстату": "041160",
        "Ім'я верстату": "1А616",
        "Код операції": "4110"
      },
      {
        "Модель верстату": "Токарно-гвинторізний JET GHB-1330A DRO",
        "Шифр верстату": "041160",
        "Ім'я верстату": "JET GHB-1330A DRO",
        "Код операції": "4110"
      }
    ],
    "keyword": {
      "table": "Операції",
      "primary_key": "Назва операції",
      "target_column": "Код операції"
    }
  }
}