{
  "Верстати": {
    "columns": [
      "Модель верстату",
      "Шифр верстату",
      "Ім'я верстату",
      "Код операції"
    ],
    "values": [
      {
        "Модель верстату": "Стрічкова пила КМА BS 712 SW Cormak",
        "Шифр верстату": "041720\n",
        "Ім'я верстату": "КМА BS 712 SW Cormak",
        "Код операції": "4280"
      },
      {
        "Модель верстату": "Стрічкова пила Optimum OPTIsaw S 275N",
        "Шифр верстату": "041720",
        "Ім'я верстату": "Optimum OPTIsaw S 275N",
        "Код операції": "4280"
      },
      {
        "Модель верстату": "Стрічкова пилка по металу JET HBS-1321VS 414471T",
        "Шифр верстату": "041720",
        "Ім'я верстату": "JET HBS-1321VS 414471T",
        "Код операції": "4280"
      },
      {
        "Модель верстату": "1А616",
        "Шифр верстату": "041160 ",
        "Ім'я верстату": "Токарно-гвинторізний 1А616 (D360× L710)",
        "Код операції": "4110"
      },
      {
        "Модель верстату": "Токарно-гвинторізний JET GHB-1330A DRO (D330× L760)",
        "Шифр верстату": "041160",
        "Ім'я верстату": "JET GHB-1330A DRO",
        "Код операції": "4110"
      },
      {
        "Модель верстату": "Токарно-гвинторізний верстат FDB TURNER 320X1000WM-DPA  (D440× L1000)",
        "Шифр верстату": "041160",
        "Ім'я верстату": "FDB TURNER 320X1000WM-DPA",
        "Код операції": "4110"
      },
      {
        "Модель верстату": "Токарно-гвинторізний 16К20 (D400×L1500)",
        "Шифр верстату": "041160",
        "Ім'я верстату": "16К20",
        "Код операції": "4110"
      },
      {
        "Модель верстату": "Токарно-гвинторізний підвищеної точності 1И611П (D250×L500)",
        "Шифр верстату": "041160",
        "Ім'я верстату": "1И611П",
        "Код операції": "4110"
      },
      {
        "Модель верстату": "Токарно-гвинторізний високої точності JET JTL-618DTC DRO (D280× L457)",
        "Шифр верстату": "041160",
        "Ім'я верстату": "JET JTL-618DTC DRO",
        "Код операції": "4110"
      },
      {
        "Модель верстату": "Універсальний лоботокарний верстат WMW DP (D1400× L800) ",
        "Шифр верстату": "041160",
        "Ім'я верстату": "WMW DP",
        "Код операції": "4110"
      },
      {
        "Модель верстату": "262Г",
        "Шифр верстату": "041260 ",
        "Ім'я верстату": "Горизонтально-розточний верстат 262Г",
        "Код операції": "4220"
      }
    ],
    "keyword": {
      "table": "Операції",
      "primary_key": "Назва операції",
      "target_column": "Код операції"
    }
  }
}