{
  "Вимірювальні інструменти": {
    "columns": [
      "Інформація",
      "Назва операції"
    ],
    "values": [
      {
        "Інформація": "Штангенциркуль ШЦ-ІІ ДСТУ EN ISO 13385-1:2018",
        "Назва операції": ""
      }
    ],
    "keyword": {
      "table": "Операції",
      "primary_key": "Назва операції",
      "target_column": "Назва операції"
    }
  }
}