{
  "Заготівка": {
    "columns": [
      "Номер",
      "Тип заготівки",
      "ДСТУ"
    ],
    "values": [
      {
        "Номер": "1",
        "Тип заготівки": "Прокат листовий",
        "ДСТУ": "ДСТУ 8540:2015"
      },
      {
        "Номер": "2",
        "Тип заготівки": "Прокат круглий",
        "ДСТУ": "ДСТУ 4738:2007\n"
      },
      {
        "Номер": "3",
        "Тип заготівки": "Штамповка ",
        "ДСТУ": ""
      },
      {
        "Номер": "4",
        "Тип заготівки": "Поковка",
        "ДСТУ": ""
      },
      {
        "Номер": "5",
        "Тип заготівки": "Виливка",
        "ДСТУ": ""
      }
    ],
    "": ""
  }
}