{
  "Матеріал": {
    "columns": [
      "Номер",
      "Матеріал",
      "ДСТУ",
      "Hb (твердість по Брюнелю)",
      "Категорія"
    ],
    "values": [
      {
        "Номер": "1",
        "Матеріал": "Ст3",
        "ДСТУ": "ДСТУ 2651:2005",
        "Hb (твердість по Брюнелю)": "1605",
        "Категорія": "P (сталь)"
      },
      {
        "Номер": "2",
        "Матеріал": "Сталь 15кп",
        "ДСТУ": "ДСТУ 7808:2015\n",
        "Hb (твердість по Брюнелю)": "160",
        "Категорія": "P (сталь)"
      },
      {
        "Номер": "3",
        "Матеріал": "Сталь20",
        "ДСТУ": "ДСТУ 7809-2015",
        "Hb (твердість по Брюнелю)": "180",
        "Категорія": "P (сталь)"
      },
      {
        "Номер": "4",
        "Матеріал": "Сталь 25",
        "ДСТУ": "ДСТУ 7809-2015",
        "Hb (твердість по Брюнелю)": "180",
        "Категорія": "P (сталь)"
      },
      {
        "Номер": "5",
        "Матеріал": "Сталь 20Г",
        "ДСТУ": "ДСТУ 7806-2015",
        "Hb (твердість по Брюнелю)": "180",
        "Категорія": "M (легована сталь)"
      }
    ],
    "": ""
  }
}