{
  "Матеріал": {
    "columns": [
      "Категорія",
      "Hb (твердість по Брюнелю)",
      "ДСТУ",
      "Матеріал",
      "Номер"
    ],
    "values": [
      {
        "Категорія": "Р01",
        "Hb (твердість по Брюнелю)": "160",
        "ДСТУ": "ДСТУ 2651:2005",
        "Матеріал": "Ст3",
        "Номер": "1"
      },
      {
        "Категорія": "Р01",
        "Hb (твердість по Брюнелю)": "160",
        "ДСТУ": "ДСТУ 7808:2015\n",
        "Матеріал": "Сталь 15кп",
        "Номер": "2"
      },
      {
        "Категорія": "Р01",
        "Hb (твердість по Брюнелю)": "180",
        "ДСТУ": "ДСТУ 7809-2015",
        "Матеріал": "Сталь20",
        "Номер": "3"
      },
      {
        "Категорія": "Р01",
        "Hb (твердість по Брюнелю)": "180",
        "ДСТУ": "ДСТУ 7809-2015",
        "Матеріал": "Сталь 25",
        "Номер": "4"
      },
      {
        "Категорія": "Р01",
        "Hb (твердість по Брюнелю)": "180",
        "ДСТУ": "ДСТУ 7806-2015",
        "Матеріал": "Сталь 20Г",
        "Номер": "5"
      }
    ],
    "": ""
  }
}