{
  "МОР": {
    "columns": [
      "Назва речовини",
      "Порядковий номер"
    ],
    "values": [
      {
        "Назва речовини": "МОР напівсинтетична, концентрат, емульсія GT CUT PS 20  GT OIL 4607071023769",
        "Порядковий номер": "1"
      },
      {
        "Назва речовини": "Рідина мастильно-охолоджувальна GT CUT PS 20 GT OIL 4640005941630",
        "Порядковий номер": "2"
      },
      {
        "Назва речовини": "Рідина мастильно-охолоджувальна GT Fast Drill GT OIL 4607071023905",
        "Порядковий номер": "3"
      }
    ],
    "": ""
  }
}