{
  "Операції": {
    "columns": [
      "Ім'я операції",
      "Код операції"
    ],
    "values": [
      {
        "Ім'я операції": "Допоміжна",
        "Код операції": "1010"
      },
      {
        "Ім'я операції": "Токарна",
        "Код операції": "4110"
      },
      {
        "Ім'я операції": "Відрізна",
        "Код операції": "4280"
      },
      {
        "Ім'я операції": "Токарна з ЧПК",
        "Код операції": "4233 "
      },
      {
        "Ім'я операції": "Заготівельна (відрізна)",
        "Код операції": "4280"
      },
      {
        "Ім'я операції": "Контрольна",
        "Код операції": "0200"
      },
      {
        "Ім'я операції": "Свердлувальна",
        "Код операції": "4210"
      },
      {
        "Ім'я операції": "Слюсарна",
        "Код операції": "0108"
      },
      {
        "Ім'я операції": "Термічна",
        "Код операції": "5000"
      },
      {
        "Ім'я операції": "Фрезерувальна",
        "Код операції": "4260"
      },
      {
        "Ім'я операції": "Фрезерувальна з ЧПК",
        "Код операції": "4234"
      },
      {
        "Ім'я операції": "Плоскошліфувальна",
        "Код операції": "4133 "
      },
      {
        "Ім'я операції": "Круглошліфувальна",
        "Код операції": "4131"
      },
      {
        "Ім'я операції": "Внутрішньошліфувальна",
        "Код операції": "4132"
      },
      {
        "Ім'я операції": "Зубообробна",
        "Код операції": "4150"
      }
    ],
    "": ""
  }
}