{
  "Переходи": {
    "columns": [
      "Назва переходу",
      "Назва операції",
      "Код операції"
    ],
    "values": [
      {
        "Назва переходу": "Встановити заготовку на верстаті закріпити і зняти після оброблення",
        "Назва операції": "Допоміжна",
        "Код операції": "12"
      },
      {
        "Назва переходу": "Перевстановити і закріпити",
        "Назва операції": "Допоміжна",
        "Код операції": "15"
      },
      {
        "Назва переходу": "Відрізати заготовку діаметром <D> мм та довжиною <L> мм",
        "Назва операції": "Заготівельна",
        "Код операції": "16"
      },
      {
        "Назва переходу": "Відрізати заготовку розміром <B>x<H> мм",
        "Назва операції": "Заготівельна",
        "Код операції": "22"
      },
      {
        "Назва переходу": "Контролювати розміри згідно кресленика та ТУ",
        "Назва операції": "Контрольна",
        "Код операції": "13"
      },
      {
        "Назва переходу": "Підготовити та надати протокол вимірювань",
        "Назва операції": "Контрольна",
        "Код операції": "17"
      },
      {
        "Назва переходу": "Свердлувати отвір, <E>,\nдіаметром <D> мм,\nна глибину <L> мм, витримуючи розмір <X> мм, відносно розміру <Y> мм",
        "Назва операції": "Свердлувальна",
        "Код операції": "24"
      },
      {
        "Назва переходу": "Свердлувати отвір <E>, діаметром <D> мм на прохід",
        "Назва операції": "Свердлувальна",
        "Код операції": "18"
      },
      {
        "Назва переходу": "Встановити заготовку в трьохкулачковому патроні",
        "Назва операції": "Допоміжна",
        "Код операції": "19"
      },
      {
        "Назва переходу": "Контролювати розміри згідно кресленика та ТУ",
        "Назва операції": "Допоміжна",
        "Код операції": "13"
      },
      {
        "Назва переходу": "",
        "Назва операції": "",
        "Код операції": ""
      }
    ],
    "keyword": {
      "table": "Операції",
      "primary_key": "Назва операції",
      "target_column": "Код операції"
    }
  }
}