{
  "Переходи": {
    "columns": [
      "Назва переходу",
      "Назва операції",
      "Код операції"
    ],
    "values": [
      {
        "Назва переходу": "Відрізати заготовку, діаметром <D> mm, та довжиною <L> mm\n",
        "Назва операції": "Токарна",
        "Код операції": "4110"
      },
      {
        "Назва переходу": "Підрізати торець, <E>, на діаметрі <D> мм, витримуючи розмір <L> мм",
        "Назва операції": "Токарна",
        "Код операції": "4110"
      },
      {
        "Назва переходу": "Точити циліндричну поверхню, <E>, діаметром <D> мм, на довжину <L> мм, витримуючи розмір <X> мм, відносно розміру <Y> мм",
        "Назва операції": "Токарна",
        "Код операції": "4110"
      },
      {
        "Назва переходу": "Точити фаску, <E>, на діаметрі <D> мм, розміром <L> х, <F> град.",
        "Назва операції": "Токарна",
        "Код операції": "4110"
      },
      {
        "Назва переходу": "Свердлувати отвір, <E>, діаметром <D> мм на прохід",
        "Назва операції": "Токарна",
        "Код операції": "4110"
      },
      {
        "Назва переходу": "Свердлувати отвір, <E>, діаметром <D> мм, на глибину <L> мм, витримуючи розмір <X> мм, відносно розміру <Y> мм",
        "Назва операції": "Токарна",
        "Код операції": "4110"
      },
      {
        "Назва переходу": "Розточити отвір, <E>, до діаметра <D> мм, на глибину <L> мм, витримуючи розмір <X> мм, відносно розміру <Y> мм",
        "Назва операції": "Токарна",
        "Код операції": "4110"
      },
      {
        "Назва переходу": "Розсвердлувати отвір, <E>, до діаметра <D> мм, на глибину <L> мм",
        "Назва операції": "Токарна",
        "Код операції": "4110"
      },
      {
        "Назва переходу": "Центрувати отвір, <E>, діаметром <D> мм, витримуючи розмір<X> мм",
        "Назва операції": "Токарна",
        "Код операції": "4110"
      },
      {
        "Назва переходу": "Відрізати заготовку, L= <L> мм",
        "Назва операції": "Заготівельна (відрізна)",
        "Код операції": "4280"
      },
      {
        "Назва переходу": "Відрізати заготовку, Ф <D> мм,   довжиною L= <L> мм",
        "Назва операції": "Заготівельна (відрізна)",
        "Код операції": "4280"
      }
    ],
    "keyword": {
      "table": "Операції",
      "primary_key": "Назва операції",
      "target_column": "Код операції"
    }
  }
}