{
  "Пристрої": {
    "columns": [
      "Порядковий номер",
      "Ім'я пристрою"
    ],
    "values": [
      {
        "Порядковий номер": "1",
        "Ім'я пристрою": "device 1"
      },
      {
        "Порядковий номер": "2",
        "Ім'я пристрою": "device 2"
      },
      {
        "Порядковий номер": "3",
        "Ім'я пристрою": "device 3"
      }
    ],
    "": ""
  }
}