{
  "Професії": {
    "columns": [
      "Код операції",
      "№ професії",
      "Назва професії"
    ],
    "values": [
      {
        "Код операції": "4110",
        "№ професії": "18217",
        "Назва професії": "Токар\n"
      },
      {
        "Код операції": "4233 ",
        "№ професії": "15292",
        "Назва професії": "Оператор верстата з ЧПК"
      },
      {
        "Код операції": "4210",
        "№ професії": "17335",
        "Назва професії": "Свердлувальник"
      },
      {
        "Код операції": "0108",
        "№ професії": "11111111111",
        "Назва професії": "Слюсар"
      },
      {
        "Код операції": "5000",
        "№ професії": "",
        "Назва професії": "Терміст"
      }
    ],
    "keyword": {
      "table": "Операції",
      "primary_key": "Назва операції",
      "target_column": "Код операції"
    }
  }
}