{
  "Пристрої": {
    "columns": [
      "Порядковий номер",
      "Ім'я пристрою"
    ],
    "values": [
      {
        "Порядковий номер": "1",
        "Ім'я пристрою": "Трьохкулачковий патрон"
      },
      {
        "Порядковий номер": "2",
        "Ім'я пристрою": "Поводковий патрон"
      },
      {
        "Порядковий номер": "3",
        "Ім'я пристрою": "Центри"
      }
    ],
    "": ""
  }
}