{
  "Інструменти": {
    "columns": [
      "Категорія",
      "Назва інструменту",
      "Код операції"
    ],
    "values": [
      {
        "Категорія": "P (сталь)",
        "Назва інструменту": "Різець (державка) TaeguTec HDJNR/L 2020 H1305",
        "Код операції": "4110"
      },
      {
        "Категорія": "P (сталь)",
        "Назва інструменту": "Різець QS-SMALL2020X3HP",
        "Код операції": "4233 "
      },
      {
        "Категорія": "M (легована сталь)",
        "Назва інструменту": "Sandvik Coromant  DSSNR 2020K 12 (різець для підрізання торця) пластина SNMG 12 04 16-XMR 2220",
        "Код операції": "4110"
      },
      {
        "Категорія": "P (сталь)",
        "Назва інструменту": "Sandvik Coromant  N123J55-25A2 (різець для відрізання та оброблення канавок) пластина N123J2-0500-0004-TF 4325\n",
        "Код операції": "4110"
      }
    ],
    "keyword": {
      "table": "Операції",
      "primary_key": "Назва операції",
      "target_column": "Назва операції"
    }
  }
}