{
  "Інструменти": {
    "columns": [
      "Код операції",
      "Назва інструменту",
      "Категорія"
    ],
    "values": [
      {
        "Код операції": "4110",
        "Назва інструменту": "Різець (державка) TaeguTec HDJNR/L 2020 H1305",
        "Категорія": "P01"
      },
      {
        "Код операції": "4233 ",
        "Назва інструменту": "Різець QS-SMALL2020X3HP",
        "Категорія": "P01"
      },
      {
        "Код операції": "4280",
        "Назва інструменту": "hgghghghkghghkgh",
        "Категорія": "P01"
      },
      {
        "Код операції": "0108",
        "Назва інструменту": "tyjghkghk",
        "Категорія": "hgjlkhjlhjl"
      }
    ],
    "keyword": {
      "table": "Операції",
      "primary_key": "Назва операції",
      "target_column": "Назва операції"
    }
  }
}