{
  "Person 1": {
    "form1_info": {
      "установа": "j",
      "особа_що_затверджує": {
        "посада": "Посада 1",
        "ПІБ": "j",
        "дата_затвердження": "2023-07-06"
      },
      "особа_що_перевіряє": {
        "ПІБ": "j",
        "дата_затвердження": "2023-07-21"
      },
      "розробник": {
        "посада": "j",
        "ПІБ": "j",
        "дата_розробки": "2023-07-27"
      },
      "нормоконтроль": {
        "ПІБ": "j",
        "дата": "2023-07-29"
      }
    },
    "form2_detail": [
      {
        "Назва деталі": "name",
        "Матеріал": "Сталь35",
        "Маса деталі, кг": "masa1",
        "Тип заготівки": "Прокат листовий",
        "Маса заготівки": "masa2",
        "Розмір заготівки B, мм": "6666",
        "Розмір заготівки H, мм": "136",
        "Кількість": "4444"
      }
    ],
    "form3_operations": {
      "Операція 3": {
        "номер операції": "15",
        "назва операції": "Допоміжна",
        "верстат": "name2",
        "МОР": "h4",
        "Пристрої": [
          "device 1",
          "device 3"
        ],
        "Цех": "",
        "Дільниця": "",
        "Робоче місце": "",
        "Штучний час": "",
        "Підготовчо-заключний час": "",
        "Допоміжний час": "",
        "Основний час": "",
        "Переходи": {
          "0": {
            "Перехід": "вваов7",
            "Інструмент": "інструмент 2",
            "Вимірювальний інструмент": "інстр 2",
            "data": {
              "ПІ": "1",
              "D або B": "",
              "L": "",
              "t": "",
              "i": "",
              "S": "",
              "n": "",
              "V": "",
              "H": "",
              "Y": "",
              "X": "",
              "E": "",
              "F": "",
              "h": "",
              "R": "",
              "d": "",
              "Z": ""
            }
          }
        }
      },
      "Операція 1": {
        "номер операції": "5",
        "назва операції": "Допоміжна",
        "верстат": "name1",
        "МОР": "h1",
        "Пристрої": [
          "device 1"
        ],
        "Цех": "Цех 1",
        "Дільниця": "Дільниця 1",
        "Робоче місце": "Робоче місце 1",
        "Штучний час": "2",
        "Підготовчо-заключний час": "1",
        "Допоміжний час": "4",
        "Основний час": "3",
        "Переходи": {
          "0": {
            "Перехід": "Встановити заготовку на верстаті закріпити і зняти після оброблення",
            "Інструмент": "інструмент 1",
            "Вимірювальний інструмент": "інстр 1",
            "data": {
              "ПІ": "1",
              "D або B": "2",
              "L": "3",
              "t": "4",
              "i": "5",
              "S": "6",
              "n": "7",
              "V": "8",
              "H": "9",
              "Y": "10",
              "X": "11",
              "E": "12",
              "F": "13",
              "h": "14",
              "R": "15",
              "d": "16",
              "Z": "17"
            }
          }
        }
      }
    }
  },
  "Person 2": {
    "form1_info": {
      "установа": "fggh",
      "особа_що_затверджує": {
        "посада": "fgj",
        "ПІБ": "ghjkghk",
        "дата_затвердження": "2023-07-27"
      },
      "особа_що_перевіряє": {
        "ПІБ": "fgjkg",
        "дата_затвердження": "2023-07-20"
      },
      "розробник": {
        "посада": "fgkgh",
        "ПІБ": "hjjk",
        "дата_розробки": "2023-07-14"
      },
      "нормоконтроль": {
        "ПІБ": "hjjk",
        "дата": "2023-07-21"
      }
    },
    "form2_detail": [
      {
        "Назва деталі": "fgh",
        "Матеріал": "Сталь35",
        "Маса деталі, кг": "j",
        "Тип заготівки": "Прокат листовий",
        "Маса заготівки": "ghjk",
        "Розмір заготівки B, мм": "jjk",
        "Розмір заготівки H, мм": "jkh",
        "Кількість": "jjk"
      }
    ],
    "form3_operations": {
      "Операція 2": {
        "номер операції": "10",
        "назва операції": "Заготівельна",
        "верстат": "name5",
        "МОР": "",
        "Пристрої": [
          "device 1",
          "device 2"
        ],
        "Цех": "wergery",
        "Дільниця": "etyw",
        "Робоче місце": "rthfgh",
        "Штучний час": "34",
        "Підготовчо-заключний час": "354",
        "Допоміжний час": "1",
        "Основний час": "2",
        "Переходи": {
          "0": {
            "Перехід": "Відрізати заготовку діаметром 5 мм та довжиною мм 3",
            "Інструмент": "інструмент 2",
            "Вимірювальний інструмент": "інстр 2",
            "data": {
              "ПІ": "2",
              "D або B": "5x",
              "L": "3",
              "t": "",
              "i": "",
              "S": "",
              "n": "",
              "V": "",
              "H": "",
              "Y": "",
              "X": "",
              "E": "",
              "F": "",
              "h": "",
              "R": "",
              "d": "",
              "Z": ""
            }
          },
          "4": {
            "Перехід": "Відрізати заготовку розміром 5x6 мм",
            "Інструмент": "fsdfhfgh",
            "Вимірювальний інструмент": "інстр 2",
            "data": {
              "ПІ": "",
              "D або B": "x5",
              "L": "5",
              "t": "",
              "i": "",
              "S": "",
              "n": "",
              "V": "",
              "H": "6",
              "Y": "",
              "X": "",
              "E": "",
              "F": "",
              "h": "",
              "R": "",
              "d": "",
              "Z": ""
            }
          }
        }
      },
      "Операція 3": {
        "номер операції": "15",
        "назва операції": "Допоміжна",
        "верстат": "name2",
        "МОР": "h4",
        "Пристрої": [
          "device 1",
          "device 2",
          "device 3"
        ],
        "Цех": "",
        "Дільниця": "",
        "Робоче місце": "",
        "Штучний час": "",
        "Підготовчо-заключний час": "",
        "Допоміжний час": "",
        "Основний час": "",
        "Переходи": {
          "0": {
            "Перехід": "Встановити заготовку в трьохкулачковому патроні",
            "Інструмент": "інструмент 3",
            "Вимірювальний інструмент": "шнстр 3",
            "data": {
              "ПІ": "11",
              "D або B": "",
              "L": "",
              "t": "",
              "i": "",
              "S": "",
              "n": "",
              "V": "",
              "H": "",
              "Y": "",
              "X": "",
              "E": "2",
              "F": "3",
              "h": "",
              "R": "",
              "d": "",
              "Z": ""
            }
          }
        }
      },
      "Операція 1": {
        "номер операції": "5",
        "назва операції": "Допоміжна",
        "верстат": "name1",
        "МОР": "h1",
        "Пристрої": [
          "device 1"
        ],
        "Цех": "df",
        "Дільниця": "fgjhfgjg",
        "Робоче місце": "ghjkghk",
        "Штучний час": "4",
        "Підготовчо-заключний час": "44",
        "Допоміжний час": "2",
        "Основний час": "23",
        "Переходи": {
          "0": {
            "Перехід": "Перевстановити і закріпити",
            "Інструмент": "інструмент 1",
            "Вимірювальний інструмент": "інстр 1",
            "data": {
              "ПІ": "1",
              "D або B": "",
              "L": "",
              "t": "",
              "i": "",
              "S": "",
              "n": "2",
              "V": "",
              "H": "",
              "Y": "",
              "X": "",
              "E": "",
              "F": "",
              "h": "",
              "R": "",
              "d": "",
              "Z": ""
            }
          }
        }
      }
    }
  }
}