{
  "Операції": {
    "columns": [
      "Код операції",
      "Ім'я операції"
    ],
    "values": [
      {
        "Код операції": "12",
        "Ім'я операції": "Допоміжна"
      },
      {
        "Код операції": "13",
        "Ім'я операції": "Заготівельна"
      },
      {
        "Код операції": "14",
        "Ім'я операції": "Контрольна"
      },
      {
        "Код операції": "24",
        "Ім'я операції": "Свердлувальна"
      }
    ]
  }
}